year,rank,player,age,team,first,pts_won,pts_max,share,g,mp,pts,trb,ast,stl,blk,fg%,height,weight,defense_rank,wins,dws,dbpm,bpm,vorp
1983,1,Sidney Moncrief,25,MIL,14.0,14.0,75,0.187,76,35.7,22.5,5.8,3.9,1.5,0.3,.524,190,82,6,51,3.5,0.4,5.4,5.1
1983,2,Tree Rollins,27,ATL,10.0,10.0,75,0.133,80,30.9,7.8,9.3,0.9,0.6,4.3,.510,216,107,9,43,5.0,3.7,2.7,3.0
1983,3,Larry Bird,26,BOS,6.0,6.0,75,0.080,79,37.7,23.6,11.0,5.8,1.9,0.9,.504,206,100,7,56,5.6,2.1,7.5,7.2
1983,4,Maurice Cheeks,26,PHI,6.0,6.0,75,0.080,79,31.2,12.5,2.6,6.9,2.3,0.4,.542,185,82,5,65,3.8,2.3,4.7,4.2
1983,5,Michael Cooper,26,LAL,6.0,6.0,75,0.080,82,26.2,7.8,3.3,3.8,1.4,0.6,.535,196,77,13,58,2.1,1.5,1.9,2.1
1983,6,Bobby Jones,31,PHI,6.0,6.0,75,0.080,74,23.6,9.0,4.6,1.9,1.1,1.2,.543,206,95,5,65,3.1,2.8,4.0,2.7
1984,1,Sidney Moncrief,26,MIL,19.0,19.0,76,0.250,79,38.9,20.9,6.7,4.5,1.4,0.3,.498,190,82,2,50,4.2,0.4,4.1,4.7
1984,2,Mark Eaton,27,UTA,14.0,14.0,76,0.184,82,26.1,5.6,7.3,1.4,0.3,4.3,.466,224,125,12,45,3.5,3.7,1.0,1.6
1984,3,Dennis Johnson,29,BOS,7.0,7.0,76,0.092,80,33.3,13.2,3.5,4.2,1.2,0.7,.437,193,84,3,62,3.2,0.6,0.1,1.4
1984,4,Maurice Cheeks,27,PHI,5.0,5.0,76,0.066,75,33.3,12.7,2.7,6.4,2.3,0.3,.550,185,82,4,52,3.4,1.6,2.3,2.7
1984,5,Michael Cooper,27,LAL,5.0,5.0,76,0.066,82,29.1,9.0,3.2,5.9,1.4,0.8,.497,196,77,9,54,2.6,1.7,2.5,2.7
1984,6,Bobby Jones,32,PHI,5.0,5.0,76,0.066,75,23.5,8.3,4.3,2.5,1.4,1.4,.523,206,95,4,52,3.2,3.4,4.6,2.9
1984,7,T.R. Dunn,28,DEN,4.0,4.0,76,0.053,80,33.8,5.7,7.2,2.9,2.2,0.4,.470,193,87,22,38,2.1,1.2,0.4,1.6
1984,8,Rickey Green,29,UTA,3.0,3.0,76,0.039,81,34.2,13.2,2.8,9.2,2.7,0.2,.486,183,77,12,45,3.0,1.2,3.0,3.5
1984,9,Larry Nance,24,PHO,2.0,2.0,76,0.026,82,35.4,17.7,8.3,2.6,1.0,2.1,.576,208,93,14,41,3.7,0.9,3.1,3.8
1984,10,Calvin Natt,27,POR,2.0,2.0,76,0.026,79,33.4,16.2,6.0,2.3,0.9,0.3,.583,198,100,11,48,2.1,-0.7,1.5,2.3
1984,11,Rory Sparrow,25,NYK,2.0,2.0,76,0.026,79,30.8,10.4,2.4,6.8,1.3,0.1,.474,188,79,1,47,3.1,0.0,-0.5,0.9
1984,12,Larry Bird,27,BOS,1.0,1.0,76,0.013,79,38.3,24.2,10.1,6.6,1.8,0.9,.492,206,100,3,62,5.6,2.0,7.6,7.3
1984,13,Magic Johnson,24,LAL,1.0,1.0,76,0.013,67,38.3,17.6,7.3,13.1,2.2,0.7,.565,206,98,9,54,3.6,1.8,6.6,5.6
1984,14,Bill Laimbeer,26,DET,1.0,1.0,76,0.013,82,34.9,17.3,12.2,1.8,0.6,1.0,.530,211,111,16,49,3.5,-0.7,1.8,2.7
1984,15,Moses Malone,28,PHI,1.0,1.0,76,0.013,71,36.8,22.7,13.4,1.4,1.0,1.5,.483,208,98,4,52,4.6,-1.2,0.8,1.8
1984,16,Tree Rollins,28,ATL,1.0,1.0,76,0.013,77,30.5,8.6,7.7,0.8,0.5,3.6,.518,216,107,7,40,3.8,2.3,1.0,1.8
1984,17,Lonnie Shelton,28,CLE,1.0,1.0,76,0.013,79,26.6,10.8,4.8,2.3,1.0,0.7,.476,203,109,18,28,2.1,0.3,-1.3,0.4
1984,18,Mychal Thompson,29,POR,1.0,1.0,76,0.013,79,33.5,15.7,8.7,3.9,1.1,1.4,.524,208,103,11,48,3.3,0.8,2.7,3.1
1984,19,Jamaal Wilkes,30,LAL,1.0,1.0,76,0.013,75,33.4,17.3,4.5,2.9,1.0,0.5,.514,198,86,9,54,2.0,-0.9,-0.3,1.1
1985,1,Mark Eaton,28,UTA,32.0,32.0,78,0.410,82,34.3,9.7,11.3,1.5,0.4,5.6,.449,224,125,1,41,6.7,4.2,1.2,2.3
1985,2,Sidney Moncrief,27,MIL,13.0,13.0,78,0.167,73,37.5,21.7,5.4,5.2,1.6,0.5,.483,190,82,2,59,3.9,1.0,4.8,4.7
1985,3,Paul Pressey,26,MIL,10.0,10.0,78,0.128,80,36.0,16.1,5.4,6.8,1.6,0.7,.517,196,84,2,59,4.4,1.6,4.2,4.5
1985,4,Michael Cooper,28,LAL,9.0,9.0,78,0.115,82,26.7,8.6,3.1,5.2,1.1,0.6,.465,196,77,7,62,2.3,1.1,1.5,1.9
1985,5,Maurice Cheeks,28,PHI,5.0,5.0,78,0.064,78,33.5,13.1,2.8,6.4,2.2,0.3,.570,185,82,10,58,2.8,1.5,3.7,3.8
1985,6,Dennis Johnson,30,BOS,3.0,3.0,78,0.038,80,37.2,15.7,4.0,6.8,1.2,0.5,.462,193,84,5,63,2.8,0.0,0.3,1.8
1985,7,T.R. Dunn,29,DEN,2.0,2.0,78,0.026,81,28.3,5.4,4.8,1.9,1.7,0.2,.489,193,87,15,52,2.3,1.1,-0.1,1.0
1985,8,Micheal Ray Richardson,29,NJN,2.0,2.0,78,0.026,82,38.1,20.1,5.6,8.2,3.0,0.3,.469,196,86,12,42,4.2,1.6,4.1,4.8
1985,9,Danny Vranes,26,SEA,2.0,2.0,78,0.026,76,28.5,5.8,5.7,2.0,1.0,0.8,.463,201,95,13,31,2.4,1.2,-2.2,-0.1
1986,1,Alvin Robertson,23,SAS,27.0,27.0,78,0.346,82,35.1,17.0,6.3,5.5,3.7,0.5,.514,190,84,17,35,4.6,3.3,4.7,4.9
1986,2,Manute Bol,23,WSB,22.0,22.0,78,0.282,80,26.1,3.7,6.0,0.3,0.4,5.0,.460,231,91,4,39,4.2,4.7,0.9,1.5
1986,3,Sidney Moncrief,28,MIL,8.0,8.0,78,0.103,73,35.2,20.2,4.6,4.9,1.4,0.2,.489,190,82,2,57,3.4,0.7,4.9,4.5
1987,1,Michael Cooper,30,LAL,25.0,25.0,78,0.321,82,27.5,10.5,3.1,4.5,1.0,0.5,.438,196,77,7,65,2.3,0.7,2.1,2.3
1987,2,Alvin Robertson,24,SAS,16.0,16.0,78,0.205,81,33.3,17.7,5.2,5.2,3.2,0.4,.466,190,84,19,28,3.4,2.1,3.0,3.4
1987,3,Mark Eaton,30,UTA,10.0,10.0,78,0.128,79,31.7,7.7,8.8,1.3,0.5,4.1,.400,224,125,1,44,5.0,3.1,-0.7,0.8
1987,4,Manute Bol,24,WSB,8.0,8.0,78,0.103,82,18.9,3.1,4.4,0.1,0.2,3.7,.446,231,91,10,42,2.9,4.6,0.3,0.9
1987,5,Kevin McHale,29,BOS,5.0,5.0,78,0.064,77,39.7,26.1,9.9,2.6,0.5,2.2,.604,208,95,9,59,4.0,0.4,5.1,5.5
1987,6,Maurice Cheeks,30,PHI,4.0,4.0,78,0.051,68,38.6,15.6,3.2,7.9,2.6,0.2,.527,185,82,12,45,2.7,1.0,3.2,3.4
1987,7,Dennis Johnson,32,BOS,3.0,3.0,78,0.038,79,37.1,13.4,3.3,7.5,1.1,0.5,.444,193,84,9,59,2.6,-0.1,-0.4,1.2
1987,8,T.R. Dunn,31,DEN,1.0,1.0,78,0.013,81,23.9,3.4,3.3,1.8,1.2,0.3,.428,193,87,15,37,1.5,1.2,-1.4,0.3
1987,9,Bill Hanzlik,29,DEN,1.0,1.0,78,0.013,73,27.3,13.0,3.5,3.8,1.2,0.4,.412,201,84,15,37,1.5,-0.2,-0.8,0.6
1987,10,Derek Harper,25,DAL,1.0,1.0,78,0.013,77,33.2,16.0,2.6,7.9,2.2,0.3,.501,193,84,14,55,2.6,1.2,5.2,4.6
1987,11,Michael Jordan,23,CHI,1.0,1.0,78,0.013,82,40.0,37.1,5.2,4.6,2.9,1.5,.482,198,90,11,40,5.0,2.4,10.8,10.6
1987,12,Fat Lever,26,DEN,1.0,1.0,78,0.013,82,37.2,18.9,8.9,8.0,2.5,0.4,.469,190,77,15,37,3.8,1.4,5.0,5.4
1987,13,Paul Pressey,28,MIL,1.0,1.0,78,0.013,61,33.7,13.9,4.9,7.2,1.8,0.8,.477,196,84,4,50,2.9,1.6,3.5,2.9
1987,14,Doc Rivers,25,ATL,1.0,1.0,78,0.013,82,31.6,12.8,3.6,10.0,2.1,0.4,.451,193,84,2,57,3.9,2.4,6.0,5.3
1988,1,Michael Jordan,24,CHI,37.0,37.0,80,0.463,82,40.4,35.0,5.5,5.9,3.2,1.6,.535,198,90,3,50,6.1,4.2,13.0,12.5
1988,2,Mark Eaton,31,UTA,9.0,9.0,80,0.113,82,33.3,7.0,8.7,0.7,0.5,3.7,.418,224,125,1,47,5.2,2.0,-1.8,0.1
1988,3,Hakeem Olajuwon,25,HOU,7.0,7.0,80,0.088,79,35.8,22.8,12.1,2.1,2.1,2.7,.514,213,116,4,46,6.3,2.2,4.4,4.6
1988,4,Alvin Robertson,25,SAS,6.0,6.0,80,0.075,82,36.3,19.6,6.1,6.8,3.0,0.8,.465,190,84,22,31,2.8,1.2,2.9,3.7
1988,5,Michael Cooper,31,LAL,4.0,4.0,80,0.050,61,29.4,8.7,3.7,4.7,1.1,0.4,.392,196,77,9,62,1.8,0.9,0.8,1.3
1988,6,Patrick Ewing,25,NYK,4.0,4.0,80,0.050,82,31.0,20.2,8.2,1.5,1.3,3.0,.555,213,109,7,38,4.7,2.4,4.2,4.0
1988,7,Fat Lever,27,DEN,4.0,4.0,80,0.050,82,37.3,18.9,8.1,7.8,2.7,0.3,.473,190,77,6,54,4.9,2.2,5.1,5.5
1988,8,Manute Bol,25,WSB,1.0,1.0,80,0.013,77,14.8,2.3,3.6,0.2,0.1,2.7,.455,231,91,8,38,2.1,4.5,1.1,0.9
1988,9,Maurice Cheeks,31,PHI,1.0,1.0,80,0.013,79,36.3,13.7,3.2,8.0,2.1,0.3,.495,185,82,19,36,2.2,0.8,3.4,3.9
1988,10,Clyde Drexler,25,POR,1.0,1.0,80,0.013,81,37.8,27.0,6.6,5.8,2.5,0.6,.506,201,95,10,53,3.9,1.4,7.0,7.0
1988,11,Bob Hansen,27,UTA,1.0,1.0,80,0.013,81,22.2,9.6,2.3,2.2,0.8,0.1,.517,198,86,1,47,2.1,0.3,-0.7,0.6
1988,12,Nate McMillan,23,SEA,1.0,1.0,80,0.013,82,29.9,7.6,4.1,8.6,2.1,0.6,.474,196,88,16,44,3.1,1.9,3.3,3.3
1988,13,Sam Perkins,26,DAL,1.0,1.0,80,0.013,75,33.3,14.2,8.0,1.6,1.0,0.7,.450,206,107,15,53,3.0,0.0,-0.3,1.1
1988,14,Paul Pressey,29,MIL,1.0,1.0,80,0.013,75,33.1,13.1,5.0,7.0,1.5,0.5,.491,196,84,13,42,2.7,1.3,3.0,3.2
1988,15,Dennis Rodman,26,DET,1.0,1.0,80,0.013,82,26.2,11.6,8.7,1.3,0.9,0.5,.561,201,95,2,54,3.6,0.4,1.6,2.0
1988,16,John Stockton,25,UTA,1.0,1.0,80,0.013,82,34.7,14.7,2.9,13.8,3.0,0.2,.574,185,77,1,47,4.9,3.3,8.5,7.6
1989,1,Mark Eaton,32,UTA,26.0,26.0,85,0.306,82,35.5,6.2,10.3,1.0,0.5,3.8,.462,224,125,1,51,6.5,3.1,0.6,1.9
1989,2,Hakeem Olajuwon,26,HOU,25.0,25.0,85,0.294,82,36.9,24.8,13.5,1.8,2.6,3.4,.508,213,116,4,45,7.8,2.9,5.5,5.7
1989,3,Dennis Rodman,27,DET,23.0,23.0,85,0.271,82,26.9,9.0,9.4,1.2,0.7,0.9,.595,201,95,3,63,3.9,1.1,2.2,2.3
1989,4,Manute Bol,26,GSW,4.0,4.0,85,0.047,80,22.1,3.9,5.8,0.3,0.1,4.3,.369,231,91,12,43,2.8,3.2,-0.9,0.5
1989,5,Michael Jordan,25,CHI,3.0,3.0,85,0.035,81,40.2,32.5,8.0,8.0,2.9,0.8,.538,198,90,11,47,5.2,3.4,11.9,11.4
1989,6,Patrick Ewing,26,NYK,2.0,2.0,85,0.024,80,36.2,22.7,9.3,2.4,1.5,3.5,.567,213,109,10,52,4.7,2.3,4.5,4.8
1989,7,Fat Lever,28,DEN,1.0,1.0,85,0.012,71,38.7,19.8,9.3,7.9,2.7,0.3,.457,190,77,8,44,4.2,1.8,5.2,5.0
1989,8,Buck Williams,28,NJN,1.0,1.0,85,0.012,74,33.1,13.0,9.4,1.1,0.8,0.5,.531,203,98,19,26,2.1,-0.8,-1.2,0.5
1990,1,Dennis Rodman,28,DET,49.0,49.0,92,0.533,82,29.0,8.8,9.7,0.9,0.6,0.7,.581,201,95,2,59,4.4,0.9,1.6,2.2
1990,2,Hakeem Olajuwon,27,HOU,35.0,35.0,92,0.380,82,38.1,24.3,14.0,2.9,2.1,4.6,.501,213,116,1,41,8.7,4.0,5.8,6.2
1990,3,Joe Dumars,26,DET,2.0,2.0,92,0.022,75,34.4,17.8,2.8,4.9,0.8,0.0,.480,190,86,2,59,3.0,0.3,2.2,2.7
1990,4,Derek Harper,28,DAL,2.0,2.0,92,0.022,82,36.7,18.0,3.0,7.4,2.3,0.3,.488,193,84,9,47,3.6,1.4,4.7,5.0
1990,5,Mark Eaton,33,UTA,1.0,1.0,92,0.011,82,27.8,4.8,7.3,0.5,0.4,2.5,.527,224,125,5,55,3.9,2.1,0.4,1.4
1990,6,Patrick Ewing,27,NYK,1.0,1.0,92,0.011,82,38.6,28.6,10.9,2.2,1.0,4.0,.551,213,109,13,45,5.3,1.8,5.5,6.0
1990,7,Michael Jordan,26,CHI,1.0,1.0,92,0.011,82,39.0,33.6,6.9,6.3,2.8,0.7,.526,198,90,19,55,4.3,2.1,11.2,10.6
1990,8,Alvin Robertson,27,MIL,1.0,1.0,92,0.011,81,32.1,14.2,6.9,5.5,2.6,0.2,.503,190,84,14,44,3.9,2.0,3.7,3.7
1991,1,Dennis Rodman,29,DET,51.0,51.0,96,0.531,82,33.5,8.2,12.5,1.0,0.8,0.7,.493,201,95,4,50,5.2,0.7,0.6,1.8
1991,2,David Robinson,25,SAS,18.0,18.0,96,0.188,82,37.7,25.6,13.0,2.5,1.5,3.9,.552,216,107,1,55,7.6,3.3,8.5,8.2
1991,3,Alvin Robertson,28,MIL,15.0,15.0,96,0.156,81,32.1,13.6,5.7,5.5,3.0,0.2,.485,190,84,11,48,4.3,2.8,4.4,4.2
1991,4,Joe Dumars,27,DET,3.0,3.0,96,0.031,80,38.1,20.4,2.3,5.5,1.1,0.1,.481,190,86,4,50,3.1,0.1,2.7,3.6
1991,5,Hakeem Olajuwon,28,HOU,2.0,2.0,96,0.021,56,36.8,21.2,13.8,2.3,2.2,3.9,.508,213,116,2,52,5.7,4.0,6.2,4.3
1991,6,Buck Williams,30,POR,2.0,2.0,96,0.021,80,32.3,11.7,9.4,1.2,0.6,0.6,.602,203,98,3,63,3.9,0.3,0.5,1.6
1991,7,Patrick Ewing,28,NYK,1.0,1.0,96,0.010,81,38.3,26.6,11.2,3.0,1.0,3.2,.514,213,109,12,39,5.6,1.7,4.2,4.9
1991,8,Derek Harper,29,DAL,1.0,1.0,96,0.010,77,37.4,19.7,3.0,7.1,1.9,0.2,.467,193,84,22,28,2.0,0.0,3.1,3.7
1991,9,Michael Jordan,27,CHI,1.0,1.0,96,0.010,82,37.0,31.5,6.0,5.5,2.7,1.0,.539,198,90,7,61,5.4,3.2,12.0,10.8
1991,10,Scottie Pippen,25,CHI,1.0,1.0,96,0.010,82,36.8,17.8,7.3,6.2,2.4,1.1,.520,203,95,7,61,5.4,2.5,5.8,5.9
1991,11,John Stockton,28,UTA,1.0,1.0,96,0.010,82,37.8,17.2,2.9,14.2,2.9,0.2,.507,185,77,6,54,4.7,2.5,8.3,8.1
1992,1,David Robinson,26,SAS,46.0,46.0,96,0.479,68,37.7,23.2,12.2,2.7,2.3,4.5,.551,216,107,1,47,6.9,4.6,9.4,7.4
1992,2,Dennis Rodman,30,DET,39.0,39.0,96,0.406,82,40.3,9.8,18.7,2.3,0.8,0.9,.539,201,95,6,48,7.0,0.9,2.8,4.0
1992,3,Michael Jordan,28,CHI,3.0,3.0,96,0.031,80,38.8,30.1,6.4,6.1,2.3,0.9,.519,198,90,4,67,5.6,2.5,9.7,9.2
1992,4,Scottie Pippen,26,CHI,3.0,3.0,96,0.031,82,38.6,21.0,7.7,7.0,1.9,1.1,.506,203,95,4,67,5.5,2.0,6.1,6.4
1992,5,Joe Dumars,28,DET,2.0,2.0,96,0.021,82,38.9,19.9,2.3,4.6,0.9,0.1,.448,190,86,6,48,2.5,-0.5,0.7,2.2
1992,6,Karl Malone,28,UTA,1.0,1.0,96,0.010,81,37.7,28.0,11.2,3.0,1.3,0.6,.526,206,113,7,55,5.2,0.6,5.7,5.9
1992,7,Hakeem Olajuwon,29,HOU,1.0,1.0,96,0.010,70,37.7,21.6,12.1,2.2,1.8,4.3,.502,213,116,10,42,5.6,3.0,5.0,4.6
1992,8,Buck Williams,31,POR,1.0,1.0,96,0.010,80,31.5,11.3,8.8,1.4,0.8,0.5,.604,203,98,3,57,3.8,0.5,1.2,2.0
1993,1,Hakeem Olajuwon,30,HOU,73.0,73.0,98,0.745,82,39.5,26.1,13.0,3.5,1.8,4.2,.529,213,116,3,55,8.0,3.6,7.5,7.8
1993,2,Michael Jordan,29,CHI,9.0,9.0,98,0.092,78,39.3,32.6,6.7,5.5,2.8,0.8,.495,198,90,7,57,5.2,2.6,11.2,10.2
1993,3,David Robinson,27,SAS,9.0,9.0,98,0.092,82,39.2,23.4,11.7,3.7,1.5,3.2,.501,216,107,10,49,6.4,2.7,6.4,6.8
1993,4,Dennis Rodman,31,DET,3.0,3.0,98,0.031,62,38.9,7.5,18.3,1.6,0.8,0.7,.427,201,95,15,40,4.1,0.2,-0.6,0.9
1993,5,Patrick Ewing,30,NYK,1.0,1.0,98,0.010,81,37.1,24.2,12.1,1.9,0.9,2.0,.503,213,109,1,60,8.1,2.0,3.4,4.0
1993,6,Dan Majerle,27,PHO,1.0,1.0,98,0.010,82,39.0,16.9,4.7,3.8,1.7,0.4,.464,198,98,9,62,3.2,0.4,2.5,3.6
1993,7,Charles Oakley,29,NYK,1.0,1.0,98,0.010,82,27.2,6.9,8.6,1.5,1.0,0.2,.508,203,102,1,60,5.1,1.9,0.7,1.5
1993,8,John Starks,27,NYK,1.0,1.0,98,0.010,80,31.0,17.5,2.6,5.1,1.1,0.2,.428,190,82,1,60,4.2,0.9,2.8,3.0
1994,1,Hakeem Olajuwon,31,HOU,23.0,23.0,101,0.228,80,41.0,27.3,11.9,3.6,1.6,3.7,.528,213,116,2,58,7.9,3.3,6.8,7.3
1994,2,David Robinson,28,SAS,22.0,22.0,101,0.218,80,40.5,29.8,10.7,4.8,1.7,3.3,.507,216,107,9,55,6.7,3.8,11.9,11.4
1994,3,Dikembe Mutombo,27,DEN,19.0,19.0,101,0.188,82,34.8,12.0,11.8,1.5,0.7,4.1,.569,218,111,5,42,6.4,3.0,3.2,3.7
1994,4,Scottie Pippen,28,CHI,11.0,11.0,101,0.109,72,38.3,22.0,8.7,5.6,2.9,0.8,.491,203,95,6,55,6.0,3.2,7.7,6.8
1994,5,Gary Payton,25,SEA,9.0,9.0,101,0.089,82,35.1,16.5,3.3,6.0,2.3,0.2,.504,193,82,3,63,4.1,1.2,3.1,3.7
1994,6,Dennis Rodman,32,SAS,8.0,8.0,101,0.079,79,37.8,4.7,17.3,2.3,0.7,0.4,.534,201,95,9,55,5.4,0.3,1.0,2.3
1994,7,Mookie Blaylock,26,ATL,3.0,3.0,101,0.030,81,36.0,13.8,5.2,9.7,2.6,0.5,.411,183,82,4,57,5.3,2.3,5.7,5.7
1994,8,Nate McMillan,29,SEA,3.0,3.0,101,0.030,73,25.8,6.0,3.9,5.3,3.0,0.3,.447,196,88,3,63,4.5,5.5,5.6,3.6
1994,9,Charles Oakley,30,NYK,2.0,2.0,101,0.020,82,35.8,11.8,11.8,2.7,1.3,0.2,.478,203,102,1,57,6.8,1.5,1.6,2.6
1994,10,Horace Grant,28,CHI,1.0,1.0,101,0.010,70,36.7,15.1,11.0,3.4,1.1,1.2,.524,208,98,6,55,4.3,0.9,4.0,3.9
1995,1,Dikembe Mutombo,28,DEN,45.0,45.0,105,0.429,82,37.8,11.5,12.5,1.4,0.5,3.9,.556,218,111,14,41,5.2,1.8,1.9,3.0
1995,2,Scottie Pippen,29,CHI,16.0,16.0,105,0.152,79,38.2,21.4,8.1,5.2,2.9,1.1,.480,203,95,2,47,6.7,3.0,7.5,7.2
1995,3,Hakeem Olajuwon,32,HOU,13.0,13.0,105,0.124,72,39.6,27.8,10.8,3.5,1.8,3.4,.517,213,116,12,47,5.6,2.6,5.4,5.4
1995,4,David Robinson,29,SAS,12.0,12.0,105,0.114,81,38.0,27.6,10.8,2.9,1.7,3.2,.530,216,107,5,62,6.7,3.2,9.2,8.7
1995,5,Dennis Rodman,33,SAS,11.0,11.0,105,0.105,49,32.0,7.1,16.8,2.0,0.6,0.5,.571,201,95,5,62,3.2,0.4,1.8,1.5
1995,6,Derrick McKey,28,IND,2.0,2.0,105,0.019,81,34.6,13.3,4.9,3.4,1.5,0.6,.493,206,93,6,52,3.9,1.6,2.2,3.0
1995,7,Nate McMillan,30,SEA,2.0,2.0,105,0.019,80,25.9,5.2,3.8,5.3,2.1,0.7,.418,196,88,10,57,3.6,3.8,3.6,2.9
1995,8,Alonzo Mourning,24,CHH,2.0,2.0,105,0.019,77,38.2,21.3,9.9,1.4,0.6,2.9,.519,208,109,9,50,5.1,0.9,1.1,2.3
1995,9,Gary Payton,26,SEA,2.0,2.0,105,0.019,82,36.8,20.6,3.4,7.1,2.5,0.2,.509,193,82,10,57,3.5,0.8,4.9,5.2
1996,1,Gary Payton,27,SEA,56.0,56.0,113,0.496,81,39.0,19.3,4.2,7.5,2.9,0.2,.484,193,82,2,64,5.6,1.8,4.6,5.2
1996,2,Scottie Pippen,30,CHI,15.0,15.0,113,0.133,77,36.7,19.4,6.4,5.9,1.7,0.7,.463,203,95,1,72,5.3,1.7,6.3,5.9
1996,3,Dikembe Mutombo,29,DEN,11.0,11.0,113,0.097,74,36.7,11.0,11.8,1.5,0.5,4.5,.499,218,111,17,35,5.0,2.8,2.1,2.8
1996,4,David Robinson,30,SAS,9.0,9.0,113,0.080,82,36.8,25.0,12.2,3.0,1.4,3.3,.516,216,107,3,59,7.2,3.1,8.9,8.3
1996,5,Hakeem Olajuwon,33,HOU,8.0,8.0,113,0.071,72,38.8,26.9,10.9,3.6,1.6,2.9,.514,213,116,14,48,5.2,2.0,4.9,4.9
1996,6,Michael Jordan,32,CHI,7.0,7.0,113,0.062,82,37.7,30.4,6.6,4.3,2.2,0.5,.495,198,90,1,72,6.2,2.2,10.5,9.8
1996,7,Dennis Rodman,34,CHI,4.0,4.0,113,0.035,64,32.6,5.5,14.9,2.5,0.6,0.4,.480,201,95,1,72,4.6,0.3,0.0,1.1
1996,8,Horace Grant,30,ORL,1.0,1.0,113,0.009,63,36.3,13.4,9.2,2.7,1.0,1.2,.513,208,98,12,60,3.1,0.7,2.4,2.5
1996,9,Bo Outlaw,24,LAC,1.0,1.0,113,0.009,80,12.3,3.6,2.5,0.6,0.6,1.1,.575,203,95,24,29,1.2,2.4,1.6,0.9
1996,10,Latrell Sprewell,25,GSW,1.0,1.0,113,0.009,78,39.3,18.9,4.9,4.2,1.6,0.6,.428,196,86,21,36,1.9,-0.6,0.7,2.1
1997,1,Dikembe Mutombo,30,ATL,60.0,60.0,115,0.522,80,37.2,13.3,11.6,1.4,0.6,3.3,.527,218,111,3,56,6.6,2.4,2.7,3.5
1997,2,Gary Payton,28,SEA,25.0,25.0,115,0.217,82,39.2,21.8,4.6,7.1,2.4,0.2,.476,193,82,6,57,4.7,1.1,5.5,6.1
1997,3,Mookie Blaylock,29,ATL,18.0,18.0,115,0.157,78,39.2,17.4,5.3,5.9,2.7,0.3,.432,183,82,3,56,5.6,2.4,6.8,6.8
1997,4,Scottie Pippen,31,CHI,4.0,4.0,115,0.035,82,37.7,20.2,6.5,5.7,1.9,0.5,.474,203,95,4,69,5.2,1.4,5.7,6.1
1997,5,Michael Jordan,33,CHI,3.0,3.0,115,0.026,82,37.9,29.6,5.9,4.3,1.7,0.5,.486,198,90,4,69,5.0,1.1,8.9,8.6
1997,6,Joe Dumars,33,DET,1.0,1.0,115,0.009,79,37.0,14.7,2.4,4.0,0.7,0.0,.440,190,86,11,54,2.0,-1.0,1.6,2.7
1997,7,Mario Elie,33,HOU,1.0,1.0,115,0.009,78,34.4,11.7,3.0,4.0,1.2,0.2,.497,196,95,10,57,2.6,0.7,1.5,2.4
1997,8,Rick Fox,27,BOS,1.0,1.0,115,0.009,76,34.9,15.4,5.2,3.8,2.2,0.5,.456,201,104,25,15,1.9,0.7,1.7,2.5
1997,9,Horace Grant,31,ORL,1.0,1.0,115,0.009,67,37.3,12.6,9.0,2.4,1.5,1.0,.515,208,98,14,45,3.6,1.3,2.4,2.8
1997,10,Shawn Kemp,27,SEA,1.0,1.0,115,0.009,81,34.0,18.7,10.0,1.9,1.5,1.0,.510,208,104,6,57,5.4,0.3,0.8,2.0
1998,1,Dikembe Mutombo,31,ATL,39.0,39.0,116,0.336,82,35.6,13.4,11.4,1.0,0.4,3.4,.537,218,111,13,50,5.2,1.4,2.6,3.4
1998,2,Gary Payton,29,SEA,37.0,37.0,116,0.319,82,38.4,19.2,4.6,8.3,2.3,0.2,.453,193,82,10,61,4.0,0.7,5.1,5.7
1998,3,David Robinson,32,SAS,10.0,10.0,116,0.086,73,33.7,21.6,10.6,2.7,0.9,2.6,.511,216,107,2,56,6.0,2.9,8.3,6.3
1998,4,Michael Jordan,34,CHI,6.0,6.0,116,0.052,82,38.8,28.7,5.8,3.5,1.7,0.5,.465,198,90,3,62,5.4,1.0,6.9,7.1
1998,5,Mookie Blaylock,30,ATL,4.0,4.0,116,0.034,70,38.6,13.2,4.9,6.7,2.6,0.3,.392,183,82,13,50,3.7,1.5,2.6,3.2
1998,6,Tim Duncan,21,SAS,4.0,4.0,116,0.034,82,39.1,21.1,11.9,2.7,0.7,2.5,.549,211,113,2,56,7.2,2.1,4.6,5.4
1998,7,Bo Outlaw,26,ORL,4.0,4.0,116,0.034,82,36.0,9.5,7.8,2.6,1.3,2.2,.554,203,95,12,41,4.5,2.7,2.5,3.4
1998,8,Dennis Rodman,36,CHI,4.0,4.0,116,0.034,80,35.7,4.7,15.0,2.9,0.6,0.2,.431,201,95,3,62,5.9,0.5,-0.2,1.3
1998,9,Anthony Mason,31,CHH,2.0,2.0,116,0.017,81,38.9,12.8,10.2,4.2,0.8,0.2,.509,201,113,15,51,3.5,0.6,2.3,3.4
1998,10,Scottie Pippen,32,CHI,2.0,2.0,116,0.017,44,37.5,19.1,5.2,5.8,1.8,1.0,.447,203,95,3,62,3.0,1.6,5.0,2.9
1998,11,Kevin Garnett,21,MIN,1.0,1.0,116,0.009,82,39.3,18.5,9.6,4.2,1.7,1.8,.491,211,109,23,45,4.2,1.5,4.2,5.0
1998,12,Kendall Gill,29,NJN,1.0,1.0,116,0.009,81,33.7,13.4,4.8,2.5,1.9,0.8,.429,196,88,21,43,3.0,1.5,1.4,2.3
1998,13,Horace Grant,32,ORL,1.0,1.0,116,0.009,76,36.9,12.1,8.1,2.3,1.1,1.0,.459,208,98,12,41,3.6,0.8,1.2,2.2
1998,14,Brevin Knight,22,CLE,1.0,1.0,116,0.009,80,31.0,9.0,3.2,8.2,2.5,0.2,.441,178,78,1,47,4.9,3.1,3.6,3.5
1999,1,Alonzo Mourning,28,MIA,89.0,89.0,118,0.754,46,38.1,20.1,11.0,1.6,0.7,3.9,.511,208,109,8,33,3.9,2.3,4.9,3.1
1999,2,Dikembe Mutombo,32,ATL,10.0,10.0,118,0.085,50,36.6,10.8,12.2,1.1,0.3,2.9,.512,218,111,2,31,4.2,2.5,3.7,2.6
1999,3,Gary Payton,30,SEA,6.0,6.0,118,0.051,50,40.2,21.7,4.9,8.7,2.2,0.2,.434,193,82,26,25,1.2,0.0,5.1,3.6
1999,4,David Robinson,33,SAS,3.0,3.0,118,0.025,49,31.7,15.8,10.0,2.1,1.4,2.4,.509,216,107,1,37,4.4,3.5,6.7,3.4
1999,5,Tim Duncan,22,SAS,2.0,2.0,118,0.017,50,39.3,21.7,11.4,2.4,0.9,2.5,.495,211,113,1,37,4.7,1.8,4.5,3.2
1999,6,Theo Ratliff,25,PHI,2.0,2.0,118,0.017,50,32.5,11.2,8.1,0.6,0.9,3.0,.470,208,102,5,28,3.3,2.0,1.3,1.4
1999,7,Michael Curry,30,MIL,1.0,1.0,118,0.008,50,22.9,4.9,2.2,1.6,0.8,0.1,.437,196,95,17,28,0.8,0.7,-2.3,-0.1
1999,8,Kevin Garnett,22,MIN,1.0,1.0,118,0.008,47,37.9,20.8,10.4,4.3,1.7,1.8,.460,211,109,11,25,3.0,1.7,5.3,3.3
2000,1,Alonzo Mourning,29,MIA,62.0,62.0,121,0.512,79,34.8,21.7,9.5,1.6,0.5,3.7,.551,208,109,7,52,5.6,2.2,5.3,5.0
2000,2,Shaquille O'Neal,27,LAL,21.0,21.0,121,0.174,79,40.0,29.7,13.6,3.8,0.5,3.0,.574,216,147,1,67,7.0,2.0,9.3,9.0
2000,3,Eddie Jones,28,CHH,11.0,11.0,121,0.091,72,39.0,20.1,4.8,4.2,2.7,0.7,.427,198,86,8,49,4.4,2.0,4.9,4.9
2000,4,Dikembe Mutombo,33,ATL,11.0,11.0,121,0.091,82,36.4,11.5,14.1,1.3,0.3,3.3,.562,218,111,25,28,4.3,1.5,2.4,3.3
2000,5,Kobe Bryant,21,LAL,4.0,4.0,121,0.033,66,38.2,22.5,6.3,4.9,1.6,0.9,.468,198,96,1,67,4.5,1.6,5.1,4.5
2000,6,Gary Payton,31,SEA,4.0,4.0,121,0.033,82,41.8,24.2,6.5,8.9,1.9,0.2,.448,193,82,15,45,3.5,0.7,6.4,7.3
2000,7,Kevin Garnett,23,MIN,2.0,2.0,121,0.017,81,40.0,22.9,11.8,5.0,1.5,1.6,.497,211,109,12,50,5.6,1.7,6.3,6.8
2000,8,Kendall Gill,31,NJN,1.0,1.0,121,0.008,76,31.0,13.1,3.7,2.8,1.8,0.5,.414,196,88,22,31,2.1,0.7,0.0,1.2
2000,9,Jason Kidd,26,PHO,1.0,1.0,121,0.008,67,39.0,14.3,7.2,10.1,2.0,0.4,.409,193,93,3,53,4.8,2.0,4.3,4.2
2000,10,Anthony Mason,33,CHH,1.0,1.0,121,0.008,82,38.2,11.6,8.5,4.5,0.9,0.4,.480,201,113,8,49,3.9,0.7,0.8,2.2
2000,11,Bo Outlaw,28,ORL,1.0,1.0,121,0.008,82,28.4,6.0,6.4,3.0,1.4,1.8,.602,203,95,9,41,4.0,3.6,4.5,3.8
2000,12,Scottie Pippen,34,POR,1.0,1.0,121,0.008,82,33.5,12.5,6.3,5.0,1.4,0.5,.451,203,95,5,59,4.4,1.7,3.6,3.9
2000,13,Clifford Robinson,33,PHO,1.0,1.0,121,0.008,80,35.5,18.5,4.5,2.8,1.1,0.8,.464,208,102,3,53,3.9,0.4,2.5,3.2
2002,1,Ben Wallace,27,DET,116.0,116.0,120,0.967,80,36.5,7.6,13.0,1.4,1.7,3.5,.531,206,109,8,50,7.2,3.3,4.5,4.8
2002,2,Kevin Garnett,25,MIN,2.0,2.0,120,0.017,81,39.2,21.2,12.1,5.2,1.2,1.6,.470,211,109,15,50,4.9,1.8,6.8,7.1
2002,3,Kobe Bryant,23,LAL,1.0,1.0,120,0.008,80,38.3,25.2,5.5,5.5,1.5,0.4,.469,198,96,7,58,3.8,0.3,4.6,5.2
2002,4,Dikembe Mutombo,35,PHI,1.0,1.0,120,0.008,80,36.3,11.5,10.8,1.0,0.4,2.4,.501,218,111,4,43,5.5,1.3,0.7,2.0
2003,1,Ben Wallace,28,DET,100.0,531.0,585,0.908,73,39.4,6.9,15.4,1.6,1.4,3.2,.481,206,109,4,50,7.9,3.5,3.9,4.3
2003,2,Metta World Peace,23,IND,2.0,122.0,585,0.209,69,33.6,15.5,5.2,2.9,2.3,0.7,.428,198,118,5,48,4.1,2.3,3.2,3.1
2003,3,Kevin Garnett,26,MIN,8.0,121.0,585,0.207,82,40.5,23.0,13.4,6.0,1.4,1.6,.502,211,109,16,51,5.8,2.4,8.4,8.7
2003,4,Tim Duncan,26,SAS,2.0,90.0,585,0.154,81,39.3,23.3,12.9,3.9,0.7,2.9,.513,211,113,3,60,6.9,2.5,7.6,7.7
2003,5,Doug Christie,32,SAC,5.0,85.0,585,0.145,80,33.9,9.4,4.3,4.7,2.3,0.5,.479,198,91,2,59,4.7,3.2,3.2,3.6
2003,6,Allen Iverson,27,PHI,0.0,29.0,585,0.050,82,42.5,27.6,4.2,5.5,2.7,0.2,.414,183,75,12,48,4.2,0.2,3.5,4.8
2003,7,Bruce Bowen,31,SAS,0.0,20.0,585,0.034,82,31.3,7.1,2.9,1.4,0.8,0.5,.466,201,84,3,60,2.7,1.0,0.2,1.4
2003,8,Kobe Bryant,24,LAL,0.0,16.0,585,0.027,82,41.5,30.0,6.9,5.9,2.2,0.8,.451,198,96,19,50,4.0,0.7,7.1,7.7
2003,9,Theo Ratliff,29,ATL,0.0,15.0,585,0.026,81,31.1,8.7,7.5,0.9,0.7,3.2,.464,208,102,22,35,3.4,1.8,-0.7,0.8
2003,10,Eric Snow,29,PHI,0.0,6.0,585,0.010,82,37.9,12.9,3.7,6.6,1.6,0.1,.452,190,86,12,48,2.7,0.3,0.7,2.1
2004,1,Metta World Peace,24,IND,80.0,476.0,605,0.787,73,37.2,18.3,5.3,3.7,2.1,0.7,.421,198,118,3,61,5.2,1.9,3.5,3.8
2004,2,Ben Wallace,29,DET,26.0,325.0,605,0.537,81,37.7,9.5,12.4,1.7,1.8,3.0,.421,206,109,2,54,9.1,3.3,3.5,4.3
2005,1,Ben Wallace,30,DET,45.0,339.0,625,0.542,74,36.1,9.7,12.2,1.7,1.4,2.4,.453,206,109,3,54,6.7,2.5,2.8,3.2
2005,2,Bruce Bowen,33,SAS,33.0,247.0,625,0.395,82,32.0,8.2,3.5,1.5,0.7,0.5,.420,201,84,1,59,4.0,1.2,-0.1,1.2
2005,3,Marcus Camby,30,DEN,19.0,168.0,625,0.269,66,30.5,10.3,10.0,2.3,0.9,3.0,.465,211,100,8,49,4.5,3.3,3.1,2.6
2005,4,Tim Duncan,28,SAS,6.0,81.0,625,0.130,66,33.4,20.3,11.1,2.7,0.7,2.6,.496,211,113,1,59,5.7,2.8,7.6,5.4
2005,5,Shawn Marion,26,PHO,5.0,57.0,625,0.091,81,38.8,19.4,11.3,1.9,2.0,1.5,.476,201,100,17,62,5.2,1.3,4.4,5.1
2005,6,Larry Hughes,26,WAS,3.0,53.0,625,0.085,61,38.7,22.0,6.3,4.7,2.9,0.3,.430,196,83,19,45,3.1,1.9,4.3,3.7
2005,7,Tayshaun Prince,24,DET,6.0,46.0,625,0.074,82,37.1,14.7,5.3,3.0,0.7,0.9,.487,206,96,3,54,4.0,0.7,2.1,3.1
2005,8,Shaquille O'Neal,32,MIA,3.0,32.0,625,0.051,73,34.1,22.9,10.4,2.7,0.5,2.3,.601,216,147,6,59,4.6,1.2,5.3,4.6
2005,9,Kevin Garnett,28,MIN,4.0,30.0,625,0.048,82,38.1,22.2,13.5,5.7,1.5,1.4,.502,211,109,15,44,6.0,3.0,9.5,9.1
2005,10,Andrei Kirilenko,23,UTA,1.0,25.0,625,0.040,41,32.9,15.6,6.2,3.2,1.6,3.3,.493,206,100,26,26,2.0,3.7,9.2,3.8
2005,11,Allen Iverson,29,PHI,0.0,10.0,625,0.016,75,42.3,30.7,4.0,7.9,2.4,0.1,.424,183,75,10,43,3.7,0.0,4.2,5.0
2005,12,Kirk Hinrich,24,CHI,0.0,6.0,625,0.010,77,36.4,15.7,3.9,6.4,1.6,0.3,.397,193,86,2,47,4.7,1.6,2.5,3.2
2005,13,Joel Przybilla,25,POR,0.0,6.0,625,0.010,76,24.4,6.4,7.7,1.0,0.3,2.1,.598,216,116,21,27,2.7,1.4,-0.2,0.8
2005,14,Trenton Hassell,25,MIN,0.0,4.0,625,0.006,82,25.2,6.6,2.7,1.6,0.4,0.4,.474,196,91,15,44,1.0,-0.4,-2.8,-0.4
2005,15,Andre Iguodala,21,PHI,0.0,4.0,625,0.006,82,32.8,9.0,5.7,3.0,1.7,0.6,.493,198,98,10,43,4.0,2.1,1.4,2.3
2005,16,Rasheed Wallace,30,DET,0.0,3.0,625,0.005,79,34.0,14.5,8.2,1.8,0.8,1.5,.440,208,102,3,54,5.1,1.2,1.5,2.4
2006,1,Ben Wallace,31,DET,58.0,420.0,620,0.677,82,35.2,7.3,11.3,1.9,1.8,2.2,.510,206,109,5,64,6.9,3.1,3.5,4.0
2006,2,Bruce Bowen,34,SAS,38.0,308.0,620,0.497,82,33.6,7.5,3.9,1.5,1.0,0.4,.433,201,84,1,63,4.5,2.0,0.3,1.6
2006,3,Andrei Kirilenko,24,UTA,12.0,121.0,620,0.195,69,37.7,15.3,8.0,4.3,1.5,3.2,.460,206,100,21,41,4.3,3.1,6.6,5.6
2007,1,Marcus Camby,32,DEN,70.0,431.0,650,0.663,70,33.8,11.2,11.7,3.2,1.2,3.3,.473,211,100,11,45,5.1,3.9,4.7,4.0
2007,2,Bruce Bowen,35,SAS,22.0,206.0,650,0.317,82,30.0,6.2,2.7,1.4,0.8,0.3,.405,201,84,2,58,3.6,1.4,-1.1,0.6
2007,3,Tim Duncan,30,SAS,15.0,158.0,650,0.243,80,34.1,20.0,10.6,3.4,0.8,2.4,.546,211,113,2,58,6.8,3.2,7.0,6.2
2007,4,Shawn Marion,28,PHO,7.0,93.0,650,0.143,80,37.6,17.5,9.8,1.7,2.0,1.5,.524,201,100,13,61,5.3,1.9,4.4,4.8
2007,5,Shane Battier,28,HOU,7.0,86.0,650,0.132,82,36.4,10.1,4.1,2.1,1.0,0.7,.446,203,100,3,52,4.6,2.0,2.3,3.2
2007,6,Ben Wallace,32,CHI,1.0,42.0,650,0.065,77,35.0,6.4,10.7,2.4,1.4,2.0,.453,206,109,1,49,6.6,3.3,3.4,3.7
2007,7,Gerald Wallace,24,CHA,3.0,27.0,650,0.042,72,36.7,18.1,7.2,2.6,2.0,1.0,.502,201,98,20,33,3.5,1.5,3.7,3.7
2007,8,Metta World Peace,27,SAC,1.0,20.0,650,0.031,70,37.7,18.8,6.5,3.4,2.1,0.6,.440,198,118,22,33,3.1,0.9,2.8,3.2
2007,9,Tyson Chandler,24,NOK,0.0,15.0,650,0.023,73,34.6,9.5,12.4,0.9,0.5,1.8,.624,213,107,14,39,3.8,0.7,0.6,1.6
2007,10,Jermaine O'Neal,28,IND,1.0,11.0,650,0.017,69,35.6,19.4,9.6,2.4,0.7,2.6,.436,211,103,9,35,4.1,1.2,0.8,1.7
2007,11,Emeka Okafor,24,CHA,0.0,10.0,650,0.015,67,34.8,14.4,11.3,1.2,0.9,2.6,.532,208,114,20,33,3.6,0.9,2.1,2.4
2007,12,Tayshaun Prince,26,DET,0.0,10.0,650,0.015,82,36.6,14.3,5.2,2.8,0.6,0.7,.460,206,96,7,53,2.9,-0.4,1.8,2.9
2007,13,Kevin Garnett,30,MIN,0.0,7.0,650,0.011,76,39.4,22.4,12.8,4.1,1.2,1.7,.476,211,109,21,32,4.9,1.7,5.4,5.5
2007,14,Kirk Hinrich,26,CHI,0.0,7.0,650,0.011,80,35.5,16.6,3.4,6.3,1.3,0.3,.448,193,86,1,49,4.6,1.1,2.8,3.5
2007,15,Andrei Kirilenko,25,UTA,0.0,7.0,650,0.011,70,29.3,8.3,4.7,2.9,1.1,2.1,.471,206,100,18,51,2.9,3.1,3.8,3.0
2007,16,Dwight Howard,21,ORL,1.0,6.0,650,0.009,82,36.9,17.6,12.3,1.9,0.9,1.9,.603,208,120,6,40,5.8,1.1,2.8,3.7
2007,17,Quinton Ross,25,LAC,1.0,6.0,650,0.009,81,21.0,5.2,2.3,1.1,0.9,0.4,.467,198,88,10,40,1.8,1.4,-1.0,0.4
2007,18,Udonis Haslem,26,MIA,1.0,5.0,650,0.008,79,31.4,10.7,8.3,1.2,0.6,0.3,.492,203,107,8,44,3.1,-0.8,-2.3,-0.2
2007,19,Josh Howard,26,DAL,0.0,5.0,650,0.008,70,35.1,18.9,6.8,1.8,1.2,0.8,.459,201,95,5,67,3.8,0.4,3.1,3.2
2007,20,Luol Deng,21,CHI,0.0,4.0,650,0.006,82,37.5,18.8,7.1,2.5,1.2,0.6,.517,206,108,1,49,5.6,1.3,3.0,3.9
2008,1,Kevin Garnett,31,BOS,90.0,493.0,620,0.795,71,32.8,18.8,9.2,3.4,1.4,1.3,.539,211,109,1,66,6.2,3.5,8.2,6.0
2008,2,Marcus Camby,33,DEN,12.0,178.0,620,0.287,79,34.9,9.1,13.1,3.3,1.1,3.6,.450,211,100,10,50,5.9,3.3,3.4,3.8
2008,3,Shane Battier,29,HOU,11.0,175.0,620,0.282,80,36.3,9.3,5.1,1.9,1.0,1.1,.428,203,100,2,55,4.6,1.9,2.0,2.9
2008,4,Bruce Bowen,36,SAS,7.0,80.0,620,0.129,81,30.2,6.0,2.9,1.1,0.7,0.3,.407,201,84,3,56,3.4,1.5,-1.4,0.4
2008,5,Kobe Bryant,29,LAL,0.0,40.0,620,0.065,82,38.9,28.3,6.3,5.4,1.8,0.5,.459,198,96,5,57,4.3,0.6,5.8,6.3
2008,6,Josh Smith,22,ATL,1.0,34.0,620,0.055,81,35.5,17.2,8.2,3.4,1.5,2.8,.457,206,102,18,37,4.6,2.5,3.0,3.7
2008,7,Dwight Howard,22,ORL,1.0,24.0,620,0.039,82,37.7,20.7,14.2,1.3,0.9,2.1,.599,208,120,6,52,6.4,1.2,2.8,3.7
2008,8,Chris Paul,22,NOH,1.0,24.0,620,0.039,80,37.6,21.1,4.0,11.6,2.7,0.1,.488,185,79,7,56,4.6,3.2,10.4,9.3
2008,9,Tim Duncan,31,SAS,0.0,22.0,620,0.035,78,34.0,19.3,11.3,2.8,0.7,1.9,.497,211,113,3,56,6.2,2.2,5.2,4.8
2008,10,Tayshaun Prince,27,DET,0.0,13.0,620,0.021,82,32.9,13.2,4.9,3.3,0.5,0.4,.448,206,96,4,59,3.2,-0.1,1.6,2.5
2008,11,Tyson Chandler,25,NOH,1.0,10.0,620,0.016,79,35.2,11.8,11.7,1.0,0.6,1.1,.623,213,107,7,56,4.1,-0.2,0.4,1.7
2008,12,Rasheed Wallace,33,DET,0.0,9.0,620,0.015,77,30.5,12.7,6.6,1.8,1.2,1.7,.432,208,102,4,59,5.1,2.6,4.1,3.6
2008,13,Raja Bell,31,PHO,0.0,3.0,620,0.005,75,35.3,11.9,3.7,2.2,0.7,0.4,.421,196,93,16,55,1.5,-0.5,-0.8,0.8
2008,14,Samuel Dalembert,26,PHI,0.0,3.0,620,0.005,82,33.2,10.5,10.4,0.5,0.5,2.3,.513,211,116,8,40,4.3,0.5,-1.0,0.7
2008,15,Richard Hamilton,29,DET,0.0,3.0,620,0.005,72,33.7,17.3,3.3,4.2,1.0,0.1,.484,198,84,4,59,2.9,0.1,2.3,2.6
2008,16,Chauncey Billups,31,DET,0.0,1.0,620,0.002,78,32.3,17.0,2.7,6.8,1.3,0.2,.448,190,92,4,59,3.4,1.2,7.7,6.2
2008,17,Andrei Kirilenko,26,UTA,0.0,1.0,620,0.002,72,30.8,11.0,4.7,4.0,1.2,1.5,.506,206,100,12,54,2.8,2.0,5.2,4.0
2008,18,Kyle Lowry,21,MEM,0.0,1.0,620,0.002,82,25.5,9.6,3.0,3.6,1.1,0.3,.432,183,89,28,22,1.3,0.3,-0.9,0.6
2008,19,Rajon Rondo,21,BOS,0.0,1.0,620,0.002,77,29.9,10.6,4.2,5.1,1.7,0.2,.492,185,82,1,66,4.9,2.6,2.1,2.4
2008,20,Metta World Peace,28,SAC,0.0,1.0,620,0.002,57,38.1,20.5,5.8,3.5,2.3,0.7,.453,198,118,25,38,2.2,0.7,2.8,2.6
2009,1,Dwight Howard,23,ORL,105.0,542.0,595,0.911,79,35.7,20.6,13.8,1.4,1.0,2.9,.572,208,120,1,59,7.6,2.4,4.5,4.7
2009,2,LeBron James,24,CLE,4.0,148.0,595,0.249,81,37.7,28.4,7.6,7.2,1.7,1.1,.489,206,113,3,66,6.5,3.7,13.2,11.8
2009,3,Dwyane Wade,27,MIA,3.0,90.0,595,0.151,79,38.6,30.2,5.0,7.5,2.2,1.3,.491,193,100,11,43,4.4,2.4,10.6,9.6
2009,4,Shane Battier,30,HOU,2.0,71.0,595,0.119,60,33.9,7.3,4.8,2.3,0.8,0.9,.410,203,100,4,53,2.9,1.9,2.0,2.0
2009,5,Metta World Peace,29,HOU,1.0,54.0,595,0.091,69,35.5,17.1,5.2,3.3,1.5,0.3,.401,198,118,4,53,4.0,1.2,1.9,2.4
2009,6,Chris Paul,23,NOH,1.0,49.0,595,0.082,78,38.5,22.8,5.5,11.0,2.8,0.1,.503,185,79,9,49,5.0,3.8,11.0,9.9
2009,7,Kobe Bryant,30,LAL,2.0,43.0,595,0.072,82,36.1,26.8,5.2,4.9,1.5,0.5,.467,198,96,6,65,4.0,0.3,5.9,5.9
2009,8,Kevin Garnett,32,BOS,1.0,31.0,595,0.052,57,31.1,15.8,8.5,2.5,1.1,1.2,.531,211,109,2,62,4.1,3.0,5.7,3.5
2009,9,Chris Andersen,30,DEN,0.0,10.0,595,0.017,71,20.6,6.4,6.2,0.4,0.6,2.5,.548,208,111,8,54,2.8,2.4,2.2,1.5
2009,10,Rajon Rondo,22,BOS,0.0,8.0,595,0.013,80,33.0,11.9,5.2,8.2,1.9,0.1,.505,185,82,2,62,5.1,2.1,4.0,4.0
2009,11,Tim Duncan,32,SAS,0.0,7.0,595,0.012,75,33.7,19.3,10.7,3.5,0.5,1.7,.504,211,113,5,54,5.0,2.0,5.4,4.7
2010,1,Dwight Howard,24,ORL,110.0,576.0,610,0.944,82,34.7,18.3,13.2,1.8,0.9,2.8,.612,208,120,3,59,7.1,2.8,4.4,4.6
2010,2,Josh Smith,24,ATL,3.0,136.0,610,0.223,81,35.4,15.7,8.7,4.2,1.6,2.1,.505,206,102,13,53,5.1,2.7,5.1,5.1
2010,3,Gerald Wallace,27,CHA,1.0,113.0,610,0.185,76,41.0,18.2,10.0,2.1,1.5,1.1,.484,201,98,1,44,6.2,1.7,2.7,3.7
2010,4,LeBron James,25,CLE,4.0,61.0,610,0.100,76,39.0,29.7,7.3,8.6,1.6,1.0,.503,206,113,7,61,5.2,2.8,11.8,10.3
2010,5,Rajon Rondo,23,BOS,1.0,55.0,610,0.090,81,36.6,13.7,4.4,9.8,2.3,0.1,.508,185,82,5,50,4.7,1.4,3.6,4.2
2010,6,Metta World Peace,30,LAL,0.0,29.0,610,0.048,77,33.8,11.0,4.3,3.0,1.4,0.3,.414,198,118,4,57,3.5,1.1,0.5,1.6
2010,7,Andrew Bogut,25,MIL,1.0,23.0,610,0.038,69,32.3,15.9,10.2,1.8,0.6,2.5,.520,213,118,2,46,4.8,2.2,3.1,2.8
2010,8,Thabo Sefolosha,25,OKC,2.0,20.0,610,0.033,82,28.6,6.0,4.7,1.8,1.2,0.6,.440,198,98,9,50,3.4,2.0,0.1,1.3
2010,9,Anderson Varejão,27,CLE,0.0,18.0,610,0.030,76,28.5,8.6,7.6,1.1,0.9,0.9,.572,208,124,7,61,3.8,1.2,1.3,1.8
2011,1,Dwight Howard,25,ORL,114.0,585.0,600,0.975,78,37.6,22.9,14.1,1.4,1.4,2.4,.593,208,120,3,52,7.7,2.4,5.3,5.4
2011,2,Kevin Garnett,34,BOS,1.0,77.0,600,0.128,71,31.3,14.9,8.9,2.4,1.3,0.8,.528,211,109,2,56,5.6,2.9,4.7,3.8
2011,3,Tyson Chandler,28,DAL,0.0,70.0,600,0.117,74,27.8,10.1,9.4,0.4,0.5,1.1,.654,213,107,8,57,3.5,1.0,1.5,1.8
2011,4,Tony Allen,29,MEM,0.0,53.0,600,0.088,72,20.8,8.9,2.7,1.4,1.8,0.6,.510,193,97,9,46,2.7,3.5,3.6,2.1
2011,5,Rajon Rondo,24,BOS,0.0,45.0,600,0.075,68,37.2,10.6,4.4,11.2,2.3,0.2,.475,185,82,2,56,4.8,1.4,3.1,3.2
2011,6,Andrew Bogut,26,MIL,0.0,32.0,600,0.053,65,35.3,12.8,11.1,2.0,0.7,2.6,.495,213,118,4,35,5.1,2.4,1.3,1.9
2011,7,Grant Hill,38,PHO,1.0,30.0,600,0.050,80,30.1,13.2,4.2,2.5,0.8,0.4,.484,203,102,25,40,1.3,-0.3,-0.5,0.9
2011,8,Andre Iguodala,27,PHI,0.0,29.0,600,0.048,67,36.9,14.1,5.8,6.3,1.5,0.6,.445,198,98,7,41,3.5,1.6,3.2,3.2
2011,9,LeBron James,26,MIA,0.0,25.0,600,0.042,79,38.8,26.7,7.5,7.0,1.6,0.6,.510,206,113,5,58,5.3,1.8,8.1,7.8
2011,10,Luol Deng,25,CHI,0.0,24.0,600,0.040,82,39.1,17.4,5.8,2.8,1.0,0.6,.460,206,108,1,62,5.2,0.6,1.7,3.0
2011,11,Kobe Bryant,32,LAL,0.0,18.0,600,0.030,82,33.9,25.3,5.1,4.7,1.2,0.1,.451,198,96,6,57,3.5,-0.2,5.2,5.0
2011,12,Chuck Hayes,27,HOU,2.0,13.0,600,0.022,74,28.1,7.9,8.1,2.7,1.1,0.7,.527,198,109,19,43,2.4,1.3,1.9,2.1
2011,13,Chris Paul,25,NOH,0.0,13.0,600,0.022,80,36.0,15.9,4.1,9.8,2.4,0.1,.463,185,79,10,46,4.4,2.8,7.1,6.7
2011,14,Serge Ibaka,21,OKC,0.0,12.0,600,0.020,82,27.0,9.9,7.6,0.3,0.4,2.4,.543,213,107,15,55,3.2,0.7,0.5,1.4
2011,15,Joakim Noah,25,CHI,1.0,11.0,600,0.018,48,32.8,11.7,10.4,2.2,1.0,1.5,.525,211,104,1,62,3.6,2.1,2.9,1.9
2011,16,Dwyane Wade,29,MIA,0.0,8.0,600,0.013,76,37.1,25.5,6.4,4.6,1.5,1.1,.500,193,100,5,58,4.7,1.1,6.6,6.1
2011,17,Tim Duncan,34,SAS,0.0,7.0,600,0.012,76,28.4,13.4,8.9,2.7,0.7,1.9,.500,211,113,11,61,4.0,2.2,4.4,3.5
2011,18,Metta World Peace,31,LAL,0.0,6.0,600,0.010,82,29.4,8.5,3.3,2.1,1.5,0.4,.397,198,118,6,57,3.2,1.5,0.2,1.3
2011,19,Keith Bogans,30,CHI,1.0,5.0,600,0.008,82,17.8,4.4,1.8,1.2,0.5,0.1,.404,196,98,1,62,2.2,1.4,-0.2,0.7
2011,20,JaVale McGee,23,WAS,0.0,5.0,600,0.008,79,27.8,10.1,8.0,0.5,0.5,2.4,.550,213,122,24,23,2.5,0.4,-0.4,0.9
2012,1,Tyson Chandler,29,NYK,45.0,311.0,605,0.514,62,33.2,11.3,9.9,0.9,0.9,1.4,.679,213,107,5,36,3.6,1.1,2.3,2.2
2012,2,Serge Ibaka,22,OKC,41.0,294.0,605,0.486,66,27.2,9.1,7.5,0.4,0.5,3.7,.535,213,107,11,47,3.2,2.3,2.3,1.9
2012,3,Dwight Howard,26,ORL,18.0,186.0,605,0.307,54,38.3,20.6,14.5,1.9,1.5,2.1,.573,208,120,12,37,4.4,2.0,4.3,3.3
2012,4,LeBron James,27,MIA,7.0,112.0,605,0.185,62,37.5,27.1,7.9,6.2,1.9,0.8,.531,206,113,4,46,4.5,2.7,10.9,7.6
2012,5,Kevin Garnett,35,BOS,2.0,44.0,605,0.073,60,31.1,15.8,8.2,2.9,0.9,1.0,.503,211,109,1,39,4.3,2.5,4.3,2.9
2012,6,Tony Allen,30,MEM,4.0,36.0,605,0.060,58,26.3,9.8,4.0,1.4,1.8,0.6,.469,193,97,7,41,2.5,2.3,1.7,1.4
2012,7,Andre Iguodala,28,PHI,1.0,33.0,605,0.055,62,35.6,12.4,6.1,5.5,1.7,0.5,.454,198,98,3,35,4.2,2.5,4.0,3.3
2012,8,Shawn Marion,33,DAL,2.0,17.0,605,0.028,63,30.5,10.6,7.4,2.1,1.1,0.6,.446,201,100,8,36,2.7,0.6,0.5,1.2
2012,9,Luol Deng,26,CHI,1.0,16.0,605,0.026,54,39.4,15.3,6.5,2.9,1.0,0.7,.412,206,108,2,50,3.6,1.1,1.7,2.0
2012,10,Josh Smith,26,ATL,0.0,9.0,605,0.015,66,35.3,18.8,9.6,3.9,1.4,1.7,.458,206,102,6,40,4.9,2.1,3.8,3.3
2012,11,Joakim Noah,26,CHI,0.0,6.0,605,0.010,64,30.4,10.2,9.8,2.5,0.6,1.4,.508,211,104,2,50,4.2,2.1,3.8,2.8
2012,12,Marc Gasol,27,MEM,0.0,5.0,605,0.008,65,36.5,14.6,8.9,3.1,1.0,1.9,.482,211,116,7,41,4.0,2.1,3.1,3.1
2012,13,Chris Paul,26,LAC,0.0,5.0,605,0.008,60,36.4,19.8,3.6,9.1,2.5,0.1,.478,185,79,18,40,2.3,2.4,9.2,6.1
2012,14,Avery Bradley,21,BOS,0.0,2.0,605,0.003,64,21.4,7.6,1.8,1.4,0.7,0.2,.498,190,82,1,39,1.9,0.7,-1.7,0.1
2012,15,Mike Conley,24,MEM,0.0,2.0,605,0.003,62,35.1,12.7,2.5,6.5,2.2,0.2,.433,185,79,7,41,2.8,1.4,2.4,2.4
2012,16,Grant Hill,39,PHO,0.0,2.0,605,0.003,49,28.1,10.2,3.5,2.2,0.8,0.6,.446,203,102,24,33,0.9,0.5,-0.9,0.4
2012,17,Iman Shumpert,21,NYK,0.0,2.0,605,0.003,59,28.9,9.5,3.2,2.8,1.7,0.1,.401,196,98,5,36,2.5,1.6,-1.4,0.2
2012,18,Greg Monroe,21,DET,0.0,1.0,605,0.002,66,31.5,15.4,9.7,2.3,1.3,0.7,.521,211,120,22,25,2.7,0.1,2.9,2.6
2012,19,Dwyane Wade,30,MIA,0.0,1.0,605,0.002,49,33.2,22.1,4.8,4.6,1.7,1.3,.497,193,100,4,46,2.9,1.9,7.9,4.0
2012,20,Russell Westbrook,23,OKC,0.0,1.0,605,0.002,66,35.3,23.6,4.6,5.5,1.7,0.3,.457,190,91,11,47,2.4,-0.7,3.0,3.0
2013,1,Marc Gasol,28,MEM,30.0,212.0,605,0.350,80,35.0,14.1,7.8,4.0,1.0,1.7,.494,211,116,2,56,5.4,3.1,5.2,5.1
2013,2,LeBron James,28,MIA,18.0,149.0,605,0.246,76,37.9,26.8,8.0,7.3,1.7,0.9,.565,206,113,9,66,4.7,2.4,11.7,9.9
2013,3,Serge Ibaka,23,OKC,14.0,122.0,605,0.202,80,31.1,13.2,7.7,0.5,0.4,3.0,.573,213,107,4,60,4.1,0.7,1.5,2.2
2013,4,Joakim Noah,27,CHI,13.0,107.0,605,0.177,66,36.8,11.9,11.1,4.0,1.2,2.1,.481,211,104,6,45,4.7,2.7,3.4,3.3
2013,5,Tony Allen,31,MEM,9.0,102.0,605,0.169,79,26.7,8.9,4.6,1.2,1.5,0.6,.445,193,97,2,56,4.1,2.4,0.4,1.2
2013,6,Tim Duncan,36,SAS,11.0,94.0,605,0.155,69,30.1,17.8,9.9,2.7,0.7,2.7,.502,211,113,3,58,4.9,2.9,5.3,3.8
2013,7,Larry Sanders,24,MIL,4.0,90.0,605,0.149,71,27.3,9.8,9.5,1.2,0.7,2.8,.506,211,107,12,38,3.7,2.0,1.0,1.5
2013,8,Paul George,22,IND,8.0,57.0,605,0.094,79,37.6,17.4,7.6,4.1,1.8,0.6,.419,203,100,1,49,6.3,2.3,3.8,4.4
2013,9,Andre Iguodala,29,DEN,5.0,43.0,605,0.071,80,34.7,13.0,5.3,5.4,1.7,0.7,.451,198,98,11,57,3.2,1.4,2.6,3.3
2013,10,Roy Hibbert,26,IND,3.0,36.0,605,0.060,79,28.7,11.9,8.3,1.4,0.5,2.6,.448,218,122,1,49,4.9,1.4,-0.3,0.9
2013,11,Chris Paul,27,LAC,2.0,19.0,605,0.031,70,33.4,16.9,3.7,9.7,2.4,0.1,.481,185,79,8,56,3.4,2.4,8.8,6.4
2013,12,Avery Bradley,22,BOS,2.0,15.0,605,0.025,50,28.7,9.2,2.2,2.1,1.3,0.4,.402,190,82,7,41,1.6,0.3,-3.7,-0.6
2013,13,Tyson Chandler,30,NYK,0.0,11.0,605,0.018,66,32.8,10.4,10.7,0.9,0.6,1.1,.638,213,107,18,54,2.6,-0.3,1.3,1.8
2013,14,Dwight Howard,27,LAL,1.0,9.0,605,0.015,76,35.8,17.1,12.4,1.4,1.1,2.4,.578,208,120,20,45,4.8,1.1,0.6,1.8
2013,15,Luol Deng,27,CHI,1.0,6.0,605,0.010,75,38.7,16.5,6.3,3.0,1.1,0.4,.426,206,108,6,45,3.3,-0.3,0.8,2.0
2013,16,Dwyane Wade,31,MIA,0.0,4.0,605,0.007,69,34.7,21.2,5.0,5.1,1.9,0.8,.521,193,100,9,66,3.5,0.7,4.4,3.8
2013,17,Trevor Ariza,27,WAS,0.0,3.0,605,0.005,56,26.3,9.5,4.8,2.0,1.3,0.4,.417,203,98,5,29,2.4,2.0,2.1,1.6
2013,18,Jimmy Butler,23,CHI,0.0,3.0,605,0.005,82,26.0,8.6,4.0,1.4,1.0,0.4,.467,201,104,6,45,2.6,1.0,2.0,2.1
2013,19,Kenneth Faried,23,DEN,0.0,3.0,605,0.005,80,28.1,11.5,9.2,1.0,1.0,1.0,.552,203,100,11,57,3.4,0.2,1.1,1.7
2013,20,Russell Westbrook,24,OKC,0.0,3.0,605,0.005,82,34.9,23.2,5.2,7.4,1.8,0.3,.438,190,91,4,60,3.9,-0.2,4.4,4.6
2014,1,Joakim Noah,28,CHI,100.0,555.0,625,0.888,80,35.3,12.6,11.3,5.4,1.2,1.5,.475,211,104,2,48,6.6,3.6,5.3,5.2
2014,2,Roy Hibbert,27,IND,8.0,166.0,625,0.266,81,29.7,10.8,6.6,1.1,0.4,2.2,.439,218,122,1,56,5.0,1.5,-1.4,0.4
2014,3,DeAndre Jordan,25,LAC,8.0,121.0,625,0.194,82,35.0,10.4,13.6,0.9,1.0,2.5,.676,211,120,9,57,5.8,1.6,2.5,3.3
2014,4,Serge Ibaka,24,OKC,2.0,79.0,625,0.126,81,32.9,15.1,8.8,1.0,0.5,2.7,.536,213,107,6,59,4.4,0.6,1.7,2.5
2014,5,Andre Iguodala,30,GSW,1.0,47.0,625,0.075,63,32.4,9.3,4.7,4.2,1.5,0.3,.480,198,98,4,51,3.1,2.4,2.3,2.2
2014,6,LeBron James,29,MIA,2.0,31.0,625,0.050,77,37.7,27.1,6.9,6.3,1.6,0.3,.567,206,113,11,54,3.7,1.1,8.8,7.9
2014,7,Paul George,23,IND,0.0,30.0,625,0.048,80,36.2,21.7,6.8,3.5,1.9,0.3,.424,203,100,1,56,6.4,2.1,4.9,5.0
2014,8,Anthony Davis,20,NOP,1.0,25.0,625,0.040,67,35.2,20.8,10.0,1.6,1.3,2.8,.519,208,115,27,34,3.2,0.8,4.8,4.0
2014,9,Dwight Howard,28,HOU,1.0,25.0,625,0.040,71,33.7,18.3,12.2,1.8,0.8,1.8,.591,208,120,13,54,4.1,0.8,1.8,2.3
2014,10,Andrew Bogut,29,GSW,1.0,11.0,625,0.018,67,26.4,7.3,10.0,1.7,0.7,1.8,.627,213,118,4,51,4.0,3.2,3.0,2.2
2014,11,Kawhi Leonard,22,SAS,0.0,9.0,625,0.014,66,29.1,12.8,6.2,2.0,1.7,0.8,.522,201,102,3,62,3.9,3.0,5.1,3.5
2014,12,P.J. Tucker,28,PHO,1.0,6.0,625,0.010,81,30.7,9.4,6.5,1.7,1.4,0.3,.431,196,111,15,48,2.8,0.9,1.0,1.9
2014,13,Tim Duncan,37,SAS,0.0,5.0,625,0.008,74,29.2,15.1,9.7,3.0,0.6,1.9,.490,211,113,3,62,4.6,2.1,3.3,2.9
2014,14,Chris Paul,28,LAC,0.0,5.0,625,0.008,62,35.0,19.1,4.3,10.7,2.5,0.1,.467,185,79,9,57,3.2,2.6,8.6,5.8
2014,15,Trevor Ariza,28,WAS,0.0,4.0,625,0.006,77,35.4,14.4,6.2,2.5,1.6,0.3,.456,203,98,8,44,3.7,1.0,2.3,3.0
2014,16,Marc Gasol,29,MEM,0.0,4.0,625,0.006,59,33.4,14.6,7.2,3.6,1.0,1.3,.473,211,116,7,50,3.1,2.0,3.0,2.5
2014,17,Patrick Beverley,25,HOU,0.0,2.0,625,0.003,56,31.3,10.2,3.5,2.7,1.4,0.4,.414,185,82,13,54,1.6,0.9,0.6,1.2
2015,1,Kawhi Leonard,23,SAS,37.0,333.0,645,0.516,64,31.8,16.5,7.2,2.5,2.3,0.8,.479,201,102,2,55,4.4,3.1,5.9,4.1
2015,2,Draymond Green,24,GSW,45.0,317.0,645,0.491,79,31.5,11.7,8.2,3.7,1.6,1.3,.443,198,104,1,67,5.2,2.8,3.5,3.5
2015,3,DeAndre Jordan,26,LAC,32.0,261.0,645,0.405,82,34.4,11.5,15.0,0.7,1.0,2.2,.710,211,120,15,56,5.4,0.7,2.9,3.5
2015,4,Anthony Davis,21,NOP,11.0,107.0,645,0.166,68,36.1,24.4,10.2,2.2,1.5,2.9,.535,208,115,22,45,4.2,2.3,8.9,6.7
2015,5,Rudy Gobert,22,UTA,2.0,33.0,645,0.051,82,26.3,8.4,9.5,1.3,0.8,2.3,.604,216,117,14,38,4.3,2.5,4.2,3.4
2015,6,Andrew Bogut,30,GSW,0.0,31.0,645,0.048,67,23.6,6.3,8.1,2.7,0.6,1.7,.563,213,118,1,67,3.4,3.3,2.4,1.8
2015,7,Tony Allen,33,MEM,1.0,29.0,645,0.045,63,26.2,8.6,4.4,1.4,2.0,0.5,.495,193,97,3,55,3.2,3.1,1.6,1.5
2015,8,Tim Duncan,38,SAS,1.0,12.0,645,0.019,77,28.9,13.9,9.1,3.0,0.8,2.0,.512,211,113,2,55,4.7,2.8,5.1,4.0
2015,9,Michael Kidd-Gilchrist,21,CHO,0.0,9.0,645,0.014,55,28.9,10.9,7.6,1.4,0.5,0.7,.465,198,105,9,33,2.2,0.6,-0.5,0.6
2015,10,Jimmy Butler,25,CHI,0.0,7.0,645,0.011,65,38.7,20.0,5.8,3.3,1.8,0.6,.462,201,104,11,50,3.0,1.2,4.6,4.2
2015,11,Marc Gasol,30,MEM,0.0,7.0,645,0.011,81,33.2,17.4,7.8,3.8,0.9,1.6,.494,211,116,3,55,4.7,2.4,5.1,4.8
2015,12,Joakim Noah,29,CHI,0.0,4.0,645,0.006,67,30.6,7.2,9.6,4.7,0.7,1.1,.445,211,104,11,50,3.1,2.0,2.1,2.1
2015,13,Trevor Ariza,29,HOU,0.0,3.0,645,0.005,82,35.7,12.8,5.6,2.5,1.9,0.2,.402,203,98,8,56,3.9,1.1,1.0,2.2
2015,14,LeBron James,30,CLE,0.0,3.0,645,0.005,69,36.1,25.3,6.0,7.4,1.6,0.7,.488,206,113,18,53,2.9,1.0,7.1,5.7
2015,15,Patrick Beverley,26,HOU,0.0,1.0,645,0.002,56,30.8,10.1,4.2,3.4,1.1,0.4,.383,185,82,8,56,1.8,0.5,0.1,0.9
2015,16,DeMarre Carroll,28,ATL,0.0,1.0,645,0.002,70,31.3,12.6,5.3,1.7,1.3,0.2,.487,198,98,6,60,2.8,0.4,1.7,2.0
2016,1,Kawhi Leonard,24,SAS,84.0,547.0,650,0.842,72,33.1,21.2,6.8,2.6,1.8,1.0,.506,201,102,1,67,5.5,3.0,9.1,6.7
2016,2,Draymond Green,25,GSW,44.0,421.0,650,0.648,81,34.7,14.0,9.5,7.4,1.5,1.4,.490,198,104,5,73,5.1,2.9,5.5,5.3
2016,3,Hassan Whiteside,26,MIA,2.0,83.0,650,0.128,73,29.1,14.2,11.8,0.4,0.6,3.7,.606,213,120,9,48,5.3,2.4,4.1,3.3
2016,4,DeAndre Jordan,27,LAC,0.0,50.0,650,0.077,77,33.7,12.7,13.8,1.2,0.7,2.3,.703,211,120,6,53,5.5,1.3,2.8,3.2
2016,5,Paul Millsap,30,ATL,0.0,21.0,650,0.032,81,32.7,17.1,9.0,3.3,1.8,1.7,.470,201,117,2,48,6.0,2.7,4.2,4.1
2016,6,Avery Bradley,25,BOS,0.0,14.0,650,0.022,76,33.4,15.2,2.9,2.1,1.5,0.3,.447,190,82,4,48,2.8,0.3,-0.1,1.2
2016,7,Rudy Gobert,23,UTA,0.0,13.0,650,0.020,61,31.7,9.1,11.0,1.5,0.7,2.2,.559,216,117,7,40,3.8,2.2,2.2,2.0
2016,8,Tony Allen,34,MEM,0.0,5.0,650,0.008,64,25.3,8.4,4.6,1.1,1.7,0.3,.458,193,97,19,42,1.9,1.2,-1.0,0.4
2016,9,Anthony Davis,22,NOP,0.0,4.0,650,0.006,61,35.5,24.3,10.3,1.9,1.3,2.0,.493,208,115,27,30,2.8,0.4,3.9,3.2
2016,10,Andre Drummond,22,DET,0.0,3.0,650,0.005,81,32.9,16.2,14.8,0.8,1.5,1.4,.521,208,127,12,44,5.5,0.3,1.1,2.0
2016,11,Jimmy Butler,26,CHI,0.0,2.0,650,0.003,67,36.9,20.9,5.3,4.8,1.6,0.6,.454,201,104,15,42,2.7,1.2,4.4,3.9
2016,12,LeBron James,31,CLE,0.0,2.0,650,0.003,76,35.6,25.3,7.4,6.8,1.4,0.6,.520,206,113,10,57,4.0,2.0,9.0,7.5
2016,13,Trevor Ariza,30,HOU,0.0,1.0,650,0.002,81,35.3,12.7,4.5,2.3,2.0,0.3,.416,203,98,21,41,2.3,0.3,0.4,1.7
2016,14,Jae Crowder,25,BOS,0.0,1.0,650,0.002,73,31.6,14.2,5.1,1.8,1.7,0.5,.443,198,107,4,48,3.5,1.4,2.2,2.5
2016,15,Al Horford,29,ATL,0.0,1.0,650,0.002,82,32.1,15.2,7.3,3.2,0.8,1.5,.505,206,109,2,48,4.5,1.6,3.8,3.9
2016,16,Kyle Lowry,29,TOR,0.0,1.0,650,0.002,77,37.0,21.2,4.7,6.4,2.1,0.4,.427,183,89,11,56,3.7,1.1,5.8,5.7
2016,17,Chris Paul,30,LAC,0.0,1.0,650,0.002,74,32.7,19.5,4.2,10.0,2.1,0.2,.462,185,79,6,53,3.5,2.0,7.9,6.0
2017,1,Draymond Green,26,GSW,73.0,434.0,500,0.868,76,32.5,10.2,7.9,7.0,2.0,1.4,.418,198,104,2,67,5.4,3.9,4.9,4.3
2017,2,Rudy Gobert,24,UTA,16.0,269.0,500,0.538,81,33.9,14.0,12.8,1.2,0.6,2.6,.661,216,117,3,51,6.0,2.2,4.4,4.4
2017,3,Kawhi Leonard,25,SAS,11.0,182.0,500,0.364,74,33.4,25.5,5.8,3.5,1.8,0.7,.485,201,102,1,61,4.7,2.2,9.4,7.1
2017,4,Robert Covington,26,PHI,0.0,4.0,500,0.008,67,31.6,12.9,6.5,1.5,1.9,1.0,.399,201,95,17,28,3.2,1.4,0.2,1.1
2017,5,LeBron James,32,CLE,0.0,3.0,500,0.006,74,37.8,26.4,8.6,8.7,1.2,0.6,.548,206,113,21,51,3.0,1.2,7.6,6.7
2017,6,Andre Roberson,25,OKC,0.0,3.0,500,0.006,79,30.1,6.6,5.1,1.0,1.2,1.0,.464,201,95,10,47,3.1,1.4,-1.0,0.6
2017,7,Hassan Whiteside,27,MIA,0.0,3.0,500,0.006,77,32.6,17.0,14.1,0.7,0.7,2.1,.557,213,120,5,41,5.3,0.5,1.5,2.2
2017,8,LaMarcus Aldridge,31,SAS,0.0,1.0,500,0.002,72,32.4,17.3,7.3,1.9,0.6,1.2,.477,211,113,1,61,3.7,0.1,0.8,1.7
2017,9,Patrick Beverley,28,HOU,0.0,1.0,500,0.002,67,30.7,9.5,5.9,4.2,1.5,0.4,.420,185,82,18,55,2.4,1.4,1.1,1.6
2018,1,Rudy Gobert,25,UTA,89.0,466.0,505,0.923,56,32.4,13.5,10.7,1.4,0.8,2.3,.622,216,117,2,48,3.9,2.5,3.4,2.5
2018,2,Joel Embiid,23,PHI,2.0,163.0,505,0.323,63,30.3,22.9,11.0,3.2,0.6,1.8,.483,213,127,4,52,3.8,1.3,3.3,2.6
2018,3,Anthony Davis,24,NOP,5.0,139.0,505,0.275,75,36.4,28.1,11.1,2.3,1.5,2.6,.534,208,115,14,48,4.9,1.4,6.7,5.9
2018,4,Paul George,27,OKC,2.0,38.0,505,0.075,79,36.6,21.9,5.7,3.3,2.0,0.5,.430,203,100,9,48,3.9,0.6,2.9,3.6
2018,5,Al Horford,31,BOS,1.0,37.0,505,0.073,72,31.6,12.9,7.4,4.7,0.6,1.1,.489,206,109,1,55,3.8,2.0,4.4,3.7
2018,6,Draymond Green,27,GSW,1.0,20.0,505,0.040,70,32.7,11.0,7.6,7.3,1.4,1.3,.454,198,104,11,58,3.4,1.9,2.8,2.8
2018,7,Jrue Holiday,27,NOP,1.0,11.0,505,0.022,81,36.1,19.0,4.5,6.0,1.5,0.8,.494,190,93,14,48,2.9,0.3,1.6,2.7
2018,8,Robert Covington,27,PHI,0.0,8.0,505,0.016,80,31.7,12.6,5.4,2.0,1.7,0.9,.413,201,95,4,52,4.5,1.7,1.5,2.3
2018,9,Kevin Durant,29,GSW,0.0,7.0,505,0.014,68,34.2,26.4,6.8,5.4,0.7,1.8,.516,208,109,11,58,2.9,0.6,7.3,5.5
2018,10,Jaylen Brown,21,BOS,0.0,5.0,505,0.010,70,30.7,14.5,4.9,1.6,1.0,0.4,.465,198,101,1,55,3.2,0.3,-0.5,0.8
2018,11,Klay Thompson,27,GSW,0.0,4.0,505,0.008,73,34.3,20.0,3.8,2.5,0.8,0.5,.488,198,98,11,58,1.8,-2.1,-0.4,1.0
2018,12,Steven Adams,24,OKC,0.0,3.0,505,0.006,76,32.7,13.9,9.0,1.2,1.2,1.0,.629,211,120,9,48,3.0,-0.6,1.1,2.0
2018,13,Jimmy Butler,28,MIN,0.0,3.0,505,0.006,59,36.7,22.2,5.3,4.9,2.0,0.4,.474,201,104,27,47,1.8,0.7,5.8,4.2
2018,14,Clint Capela,23,HOU,0.0,2.0,505,0.004,74,27.5,13.9,10.8,0.9,0.8,1.9,.652,208,109,6,65,4.1,1.0,3.4,2.8
2018,15,Andre Drummond,24,DET,0.0,1.0,505,0.002,78,33.7,15.0,16.0,3.0,1.5,1.6,.529,208,127,10,39,5.7,1.7,3.2,3.4
2018,16,Jusuf Nurkić,23,POR,0.0,1.0,505,0.002,79,26.4,14.3,9.0,1.8,0.8,1.4,.505,213,132,8,49,3.9,1.1,0.0,1.1
2018,17,Victor Oladipo,25,IND,0.0,1.0,505,0.002,75,34.0,23.1,5.2,4.3,2.4,0.8,.477,193,97,13,48,4.0,1.7,5.8,5.0
2019,1,Rudy Gobert,26,UTA,65.0,411.0,500,0.822,81,31.8,15.9,12.9,2.0,0.8,2.3,.669,216,117,2,50,5.7,2.5,5.4,4.8
2019,2,Giannis Antetokounmpo,24,MIL,26.0,280.0,500,0.560,72,32.8,27.7,12.5,5.9,1.3,1.5,.578,211,110,1,60,5.5,4.1,10.4,7.4
2019,3,Paul George,28,OKC,6.0,150.0,500,0.300,77,36.9,28.0,8.2,4.1,2.2,0.4,.438,203,100,4,49,4.9,1.6,7.2,6.6
2019,4,Joel Embiid,24,PHI,1.0,26.0,500,0.052,64,33.7,27.5,13.6,3.7,0.7,1.9,.484,213,127,15,51,3.8,0.9,4.9,3.8
2019,5,Myles Turner,22,IND,0.0,15.0,500,0.030,74,28.6,13.3,7.2,1.6,0.8,2.7,.487,211,113,3,48,4.4,2.4,2.5,2.4
2019,6,Draymond Green,28,GSW,1.0,6.0,500,0.012,66,31.3,7.4,7.3,6.9,1.4,1.1,.445,198,104,13,57,3.2,2.7,1.4,1.8
2019,7,Kawhi Leonard,27,TOR,1.0,6.0,500,0.012,60,34.0,26.6,7.3,3.3,1.8,0.4,.496,201,102,5,58,3.4,1.1,7.2,4.7
2019,8,Marcus Smart,24,BOS,0.0,4.0,500,0.008,80,27.5,8.9,2.9,4.0,1.8,0.4,.422,190,100,7,49,3.1,2.0,0.8,1.5
2019,9,Jarrett Allen,20,BRK,0.0,1.0,500,0.002,80,26.2,10.9,8.4,1.4,0.5,1.5,.590,211,110,14,42,3.3,1.4,1.6,1.9
2019,10,Patrick Beverley,30,LAC,0.0,1.0,500,0.002,78,27.4,7.6,5.0,3.8,0.9,0.6,.407,185,82,21,48,2.0,1.2,0.9,1.5
